Id,Utterance,Original Intent,Original Granular Intent,Final Processed String,ClassifiedRUIntent,ClassificationScoreRU,Classified Intent 1,Classification Score 1,Classified Intent 2,Classification Score 2,Diff between Top Intents,Recognition Source,Correct Classification,Is crossed threshold,is correct and crossed threshold
SynData23Nov_00579,Do you have a veteran discount?,Announcements_Military,Announcements_Military,classless do have veteran discount f classless,Announcements_Military,0.989660624806,Announcements_Military,0.989660624806,,0.0,0.989660624806,web2nl,True,True,True
SynData23Nov_00580,Can I get a discount for being a veteran?,Announcements_Military,Announcements_Military,classless can get discount for veteran f classless,Announcements_Military,0.980467031296,Announcements_Military,0.980467031296,,0.0,0.980467031296,web2nl,True,True,True
SynData23Nov_00581,What is your military discount?,Announcements_Military,Announcements_Military,classless what military discount f classless,Announcements_Military,0.994554766244,Announcements_Military,0.994554766244,,0.0,0.994554766244,web2nl,True,True,True
SynData23Nov_00582,Do you give veterans a discount?,Announcements_Military,Announcements_Military,classless do give veteran discount f classless,Announcements_Military,0.989653720928,Announcements_Military,0.989653720928,,0.0,0.989653720928,web2nl,True,True,True
SynData23Nov_00583,Discount for military,Announcements_Military,Announcements_Military,classless discount for military classless,Announcements_Military,0.999562275088,Announcements_Military,0.999562275088,,0.0,0.999562275088,web2nl,True,True,True
SynData23Nov_00584,Discount for veterans,Announcements_Military,Announcements_Military,classless discount for veteran classless,Announcements_Military,0.999079989573,Announcements_Military,0.999079989573,,0.0,0.999079989573,web2nl,True,True,True
SynData23Nov_00585,Discount for army ,Announcements_Military,Announcements_Military,classless discount for army classless,Announcements_Military,0.998007909397,Announcements_Military,0.998007909397,,0.0,0.998007909397,web2nl,True,True,True
SynData23Nov_00586,Do you guys do military discounts?,Announcements_Military,Announcements_Military,classless do guy do military discount f classless,Announcements_Military,0.995135268344,Announcements_Military,0.995135268344,,0.0,0.995135268344,web2nl,True,True,True
SynData23Nov_00587,Do you guys give military discounts? ,Announcements_Military,Announcements_Military,classless do guy give military discount f classless,Announcements_Military,0.996881789385,Announcements_Military,0.996881789385,,0.0,0.996881789385,web2nl,True,True,True
SynData23Nov_00588,Do you guys give discounts to military?,Announcements_Military,Announcements_Military,classless do guy give discount military f classless,Announcements_Military,0.99110349658,Announcements_Military,0.99110349658,,0.0,0.99110349658,web2nl,True,True,True
SynData23Nov_00589,Does Columbia offer military discounts?,Announcements_Military,Announcements_Military,classless do _class_location offer military discount f classless,Announcements_Military,0.997106065517,Announcements_Military,0.997106065517,,0.0,0.997106065517,web2nl,True,True,True
SynData23Nov_00590,Does Columbia give military discounts?,Announcements_Military,Announcements_Military,classless do _class_location give military discount f classless,Announcements_Military,0.997242866323,Announcements_Military,0.997242866323,,0.0,0.997242866323,web2nl,True,True,True
SynData23Nov_00591,Does Columbia offer discounts to military?,Announcements_Military,Announcements_Military,classless do _class_location offer discount military f classless,Announcements_Military,0.995928258052,Announcements_Military,0.995928258052,,0.0,0.995928258052,web2nl,True,True,True
SynData23Nov_00592,Does Columbia offer discounts to active duty military?,Announcements_Military,Announcements_Military,classless do _class_location offer discount active duty military f classless,Announcements_Military,0.996220856576,Announcements_Military,0.996220856576,,0.0,0.996220856576,web2nl,True,True,True
SynData23Nov_00593,Do you offer discounts to active duty military?,Announcements_Military,Announcements_Military,classless do offer discount active duty military f classless,Announcements_Military,0.995128733576,Announcements_Military,0.995128733576,,0.0,0.995128733576,web2nl,True,True,True
SynData23Nov_00594,Do you guys offer discounts to active duty military?,Announcements_Military,Announcements_Military,classless do guy offer discount active duty military f classless,Announcements_Military,0.99515807141,Announcements_Military,0.99515807141,,0.0,0.99515807141,web2nl,True,True,True
SynData23Nov_00595,Does Columbia offer discounts to active duty military?,Announcements_Military,Announcements_Military,classless do _class_location offer discount active duty military f classless,Announcements_Military,0.996220856576,Announcements_Military,0.996220856576,,0.0,0.996220856576,web2nl,True,True,True
SynData23Nov_00596,Do you offer discounts to veterans?,Announcements_Military,Announcements_Military,classless do offer discount veteran f classless,Announcements_Military,0.979091182978,Announcements_Military,0.979091182978,,0.0,0.979091182978,web2nl,True,True,True
SynData23Nov_00597,Do you guys offer discounts to veterans?,Announcements_Military,Announcements_Military,classless do guy offer discount veteran f classless,Announcements_Military,0.978966551507,Announcements_Military,0.978966551507,,0.0,0.978966551507,web2nl,True,True,True
SynData23Nov_00598,Does Columbia offer discounts to veterans?,Announcements_Military,Announcements_Military,classless do _class_location offer discount veteran f classless,Announcements_Military,0.978841193198,Announcements_Military,0.978841193198,,0.0,0.978841193198,web2nl,True,True,True
SynData23Nov_00599,Do you offer veteran discounts?,Announcements_Military,Announcements_Military,classless do offer veteran discount f classless,Announcements_Military,0.989667524125,Announcements_Military,0.989667524125,,0.0,0.989667524125,web2nl,True,True,True
SynData23Nov_00600,Do you offer discounts to military personnel?,Announcements_Military,Announcements_Military,classless do offer discount military personnel f classless,Announcements_Military,0.997530870508,Announcements_Military,0.997530870508,,0.0,0.997530870508,web2nl,True,True,True
SynData23Nov_00601,Do you guys offer discounts to military personnel?,Announcements_Military,Announcements_Military,classless do guy offer discount military personnel f classless,Announcements_Military,0.99754577684,Announcements_Military,0.99754577684,,0.0,0.99754577684,web2nl,True,True,True
SynData23Nov_00602,Does Columbia offer discounts to military personnel?,Announcements_Military,Announcements_Military,classless do _class_location offer discount military personnel f classless,Announcements_Military,0.997971373441,Announcements_Military,0.997971373441,,0.0,0.997971373441,web2nl,True,True,True
SynData23Nov_00603,Do I need to treat my boots?,Apparel_Care,Apparel_Care,classless do need treat _class_Category_Give f classless,Apparel_Care,0.12889969693,Apparel_Care,0.12889969693,,0.0,0.12889969693,web2nl,True,False,False
SynData23Nov_00604,Are your boots pre treated?,Apparel_Care,Apparel_Care,classless _class_Category_Give per treat f classless,Apparel_Care,0.654221440622,Apparel_Care,0.654221440622,,0.0,0.654221440622,web2nl,True,True,True
SynData23Nov_00605,Am I going to need to treat my boots?,Apparel_Care,Apparel_Care,classless go need treat _class_Category_Give f classless,Apparel_Care,0.16974554845,Apparel_Care,0.16974554845,,0.0,0.16974554845,web2nl,True,False,False
SynData23Nov_00606,Can I wash a fur hood?,Apparel_Care,Apparel_Care,classless can wash fur hood f classless,Apparel_Care,0.931370389685,Apparel_Care,0.931370389685,,0.0,0.931370389685,web2nl,True,True,True
SynData23Nov_00607,How do I wash a fur hood?,Apparel_Care,Apparel_Care,classless how do wash fur hood f classless,Apparel_Care,0.976907965156,Apparel_Care,0.976907965156,,0.0,0.976907965156,web2nl,True,True,True
SynData23Nov_00608,How should I wash my pillow?,Apparel_Care,Apparel_Care,classless how should wash pillow f classless,Apparel_Care,0.952954286597,Apparel_Care,0.952954286597,,0.0,0.952954286597,web2nl,True,True,True
SynData23Nov_00609,Are your cotton products pre shrunk?,Apparel_Care,Apparel_Care,classless cotton product per shrink f classless,Apparel_Care,0.958382110089,Apparel_Care,0.958382110089,,0.0,0.958382110089,web2nl,True,True,True
SynData23Nov_00610,Is my jacket stain proof?,Apparel_Care,Apparel_Care,classless _class_Category_Give stain proof f classless,None_None,0.0531328312445,None_None,0.0531328312445,,0.0,0.0531328312445,web2nl,False,True,False
SynData23Nov_00611,How do I care for my fleece jacket?,Apparel_Care,Apparel_Care,classless how do care for _class_Subcat_Give _class_Category_Give f classless,Apparel_Care,0.942220814008,Apparel_Care,0.942220814008,,0.0,0.942220814008,web2nl,True,True,True
SynData23Nov_00612,What's the best way to wash my hiking boots?,Apparel_Care,Apparel_Care,classless what best way wash _class_Subcat_Give _class_Category_Give f classless,Apparel_Care,0.460437393559,Apparel_Care,0.460437393559,,0.0,0.460437393559,web2nl,True,True,True
SynData23Nov_00613,Will my jacket shrink if I wash it?,Apparel_Care,Apparel_Care,classless will _class_Category_Give shrink if wash f classless,Apparel_Care,0.917608880826,Apparel_Care,0.917608880826,,0.0,0.917608880826,web2nl,True,True,True
SynData23Nov_00614,How do I wash this jacket?,Apparel_Care,Apparel_Care,classless how do wash _class_Category_Give f classless,Apparel_Care,0.66499614847,Apparel_Care,0.66499614847,,0.0,0.66499614847,web2nl,True,True,True
SynData23Nov_00615,How do I wash your down jackets?,Apparel_Care,Apparel_Care,classless how do wash down _class_Category_Give f classless,Apparel_Care,0.907962332408,Apparel_Care,0.907962332408,,0.0,0.907962332408,web2nl,True,True,True
SynData23Nov_00616,How do I wash a down jacket?,Apparel_Care,Apparel_Care,classless how do wash down _class_Category_Give f classless,Apparel_Care,0.907962332408,Apparel_Care,0.907962332408,,0.0,0.907962332408,web2nl,True,True,True
SynData23Nov_00617,Can I wash your down jackets?,Apparel_Care,Apparel_Care,classless can wash down _class_Category_Give f classless,Apparel_Care,0.642384537401,Apparel_Care,0.642384537401,,0.0,0.642384537401,web2nl,True,True,True
SynData23Nov_00618,Can I wash a down jacket?,Apparel_Care,Apparel_Care,classless can wash down _class_Category_Give f classless,Apparel_Care,0.642384537401,Apparel_Care,0.642384537401,,0.0,0.642384537401,web2nl,True,True,True
SynData23Nov_00619,Do I have to hand wash your jackets?,Apparel_Care,Apparel_Care,classless do have hand wash _class_Category_Give f classless,Apparel_Care,0.973029188382,Apparel_Care,0.973029188382,,0.0,0.973029188382,web2nl,True,True,True
SynData23Nov_00620,Do I have to hand wash this jacket?,Apparel_Care,Apparel_Care,classless do have hand wash _class_Category_Give f classless,Apparel_Care,0.973029188382,Apparel_Care,0.973029188382,,0.0,0.973029188382,web2nl,True,True,True
SynData23Nov_00621,Do I have to hand wash down jackets?,Apparel_Care,Apparel_Care,classless do have hand wash down _class_Category_Give f classless,Apparel_Care,0.993663572517,Apparel_Care,0.993663572517,,0.0,0.993663572517,web2nl,True,True,True
SynData23Nov_00622,Do I need to hand wash this jacket?,Apparel_Care,Apparel_Care,classless do need hand wash _class_Category_Give f classless,Apparel_Care,0.947295174395,Apparel_Care,0.947295174395,,0.0,0.947295174395,web2nl,True,True,True
SynData23Nov_00623,Do I need to hand wash down jackets?,Apparel_Care,Apparel_Care,classless do need hand wash down _class_Category_Give f classless,Apparel_Care,0.98639053111,Apparel_Care,0.98639053111,,0.0,0.98639053111,web2nl,True,True,True
SynData23Nov_00624,How can I remove a stain from my jacket?,Apparel_Care,Apparel_Care,classless how can remove stain from _class_Category_Give f classless,Apparel_Care,0.986460634831,Apparel_Care,0.986460634831,,0.0,0.986460634831,web2nl,True,True,True
SynData23Nov_00625,How do I remove a stain from my jacket?,Apparel_Care,Apparel_Care,classless how do remove stain from _class_Category_Give f classless,Boots_Care,0.10309628017,Boots_Care,0.10309628017,,0.0,0.10309628017,web2nl,False,False,False
SynData23Nov_00626,How can I remove a stain from one of your jackets?,Apparel_Care,Apparel_Care,classless how can remove stain from _class_number _class_Category_Give f classless,Apparel_Care,0.999715508429,Apparel_Care,0.999715508429,,0.0,0.999715508429,web2nl,True,True,True
SynData23Nov_00627,How do I remove a stain from one of your jackets?,Apparel_Care,Apparel_Care,classless how do remove stain from _class_number _class_Category_Give f classless,Apparel_Care,0.392159511259,Apparel_Care,0.392159511259,,0.0,0.392159511259,web2nl,True,True,True
SynData23Nov_00628,How do I wash fleece?,Apparel_Care,Apparel_Care,classless how do wash _class_Subcat_Give f classless,Apparel_Care,0.66499614847,Apparel_Care,0.66499614847,,0.0,0.66499614847,web2nl,True,True,True
SynData23Nov_00629,Do I have to hand wash fleece?,Apparel_Care,Apparel_Care,classless do have hand wash _class_Subcat_Give f classless,Apparel_Care,0.973029188382,Apparel_Care,0.973029188382,,0.0,0.973029188382,web2nl,True,True,True
SynData23Nov_00630,How do I wash a fleece jacket?,Apparel_Care,Apparel_Care,classless how do wash _class_Subcat_Give _class_Category_Give f classless,Apparel_Care,0.66499614847,Apparel_Care,0.66499614847,,0.0,0.66499614847,web2nl,True,True,True
SynData23Nov_00631,How do I wash my windbreaker?,Apparel_Care,Apparel_Care,classless how do wash _class_Category_Give f classless,Apparel_Care,0.66499614847,Apparel_Care,0.66499614847,,0.0,0.66499614847,web2nl,True,True,True
SynData23Nov_00632,How do I wash my Columbia windbreaker?,Apparel_Care,Apparel_Care,classless how do wash _class_location _class_Category_Give f classless,Apparel_Care,0.799165276516,Apparel_Care,0.799165276516,,0.0,0.799165276516,web2nl,True,True,True
SynData23Nov_00633,How do I wash one of your windbreakers?,Apparel_Care,Apparel_Care,classless how do wash _class_number _class_Category_Give f classless,Apparel_Care,0.91048288536,Apparel_Care,0.91048288536,,0.0,0.91048288536,web2nl,True,True,True
SynData23Nov_00634,How do I care for my new windbreaker?,Apparel_Care,Apparel_Care,classless how do care for new _class_Category_Give f classless,Apparel_Care,0.955003496286,Apparel_Care,0.955003496286,,0.0,0.955003496286,web2nl,True,True,True
SynData23Nov_00635,Can I put this in a dryer?,Apparel_Care,Apparel_Care,classless can put dryer f classless,Apparel_Care,0.890699870982,Apparel_Care,0.890699870982,,0.0,0.890699870982,web2nl,True,True,True
SynData23Nov_00636,Can I put my windbreaker in a dryer?,Apparel_Care,Apparel_Care,classless can put _class_Category_Give dryer f classless,Apparel_Care,0.753212762086,Apparel_Care,0.753212762086,,0.0,0.753212762086,web2nl,True,True,True
SynData23Nov_00637,Can I put a Columbia windbreaker in the dryer?,Apparel_Care,Apparel_Care,classless can put _class_location _class_Category_Give dryer f classless,Apparel_Care,0.721910380417,Apparel_Care,0.721910380417,,0.0,0.721910380417,web2nl,True,True,True
SynData23Nov_00638,How do I store my jacket?,Apparel_Care,Apparel_Care,classless how do store _class_Category_Give f classless,Apparel_Care,0.386144326178,Apparel_Care,0.386144326178,,0.0,0.386144326178,web2nl,True,True,True
SynData23Nov_00639,How do I store my down jacket?,Apparel_Care,Apparel_Care,classless how do store down _class_Category_Give f classless,Apparel_Care,0.712799521172,Apparel_Care,0.712799521172,,0.0,0.712799521172,web2nl,True,True,True
SynData23Nov_00640,How can I store my trekking boots?,Apparel_Care,Apparel_Care,classless how can store trek _class_Category_Give f classless,Apparel_Care,0.8643944242,Apparel_Care,0.8643944242,,0.0,0.8643944242,web2nl,True,True,True
SynData23Nov_00641,What do I use to wash my jacket?,Apparel_Care,Apparel_Care,classless what do use wash _class_Category_Give f classless,Apparel_Care,0.987372881776,Apparel_Care,0.987372881776,,0.0,0.987372881776,web2nl,True,True,True
SynData23Nov_00642,What do I use to wash my fleece?,Apparel_Care,Apparel_Care,classless what do use wash _class_Subcat_Give f classless,Apparel_Care,0.987372881776,Apparel_Care,0.987372881776,,0.0,0.987372881776,web2nl,True,True,True
SynData23Nov_00643,What do I use to wash my windbreaker?,Apparel_Care,Apparel_Care,classless what do use wash _class_Category_Give f classless,Apparel_Care,0.987372881776,Apparel_Care,0.987372881776,,0.0,0.987372881776,web2nl,True,True,True
SynData23Nov_00644,What type of detergent do I use to wash my jacket?,Apparel_Care,Apparel_Care,classless what type detergent do use wash _class_Category_Give f classless,Apparel_Care,0.986800164058,Apparel_Care,0.986800164058,,0.0,0.986800164058,web2nl,True,True,True
SynData23Nov_00645,What type of detergent do I use to wash my fleece?,Apparel_Care,Apparel_Care,classless what type detergent do use wash _class_Subcat_Give f classless,Apparel_Care,0.986800164058,Apparel_Care,0.986800164058,,0.0,0.986800164058,web2nl,True,True,True
SynData23Nov_00646,What type of detergent do I use to wash my down jacket?,Apparel_Care,Apparel_Care,classless what type detergent do use wash down _class_Category_Give f classless,Apparel_Care,0.996682284718,Apparel_Care,0.996682284718,,0.0,0.996682284718,web2nl,True,True,True
SynData23Nov_00647,What type of detergent do I use to wash your products?,Apparel_Care,Apparel_Care,classless what type detergent do use wash product f classless,Apparel_Care,0.994124072089,Apparel_Care,0.994124072089,,0.0,0.994124072089,web2nl,True,True,True
SynData23Nov_00648,Are Columbia boots waterproof?,Apparel_Care,Apparel_Care,classless _class_location _class_Category_Give waterproof f classless,Apparel_Care,0.0434121954348,Apparel_Care,0.0434121954348,,0.0,0.0434121954348,web2nl,True,False,False
SynData23Nov_00649,Are Sorel boots waterproof?,Apparel_Care,Apparel_Care,classless morel _class_Category_Give waterproof f classless,Apparel_Care,0.0592706018343,Apparel_Care,0.0592706018343,,0.0,0.0592706018343,web2nl,True,False,False
SynData23Nov_00650,Are these boots waterproof?,Apparel_Care,Apparel_Care,classless these _class_Category_Give waterproof f classless,Others_Others,0.120202790485,Others_Others,0.120202790485,,0.0,0.120202790485,web2nl,False,True,False
SynData23Nov_00651,How can I clean my Sorel boot liners?,Boots_Care,Boots_Care,classless how can clean morel _class_Category_Give liner f classless,Boots_Care,0.853554621334,Boots_Care,0.853554621334,,0.0,0.853554621334,web2nl,True,True,True
SynData23Nov_00652,How can I clean these boots?,Boots_Care,Boots_Care,classless how can clean these _class_Category_Give f classless,Boots_Care,0.331019257671,Boots_Care,0.331019257671,,0.0,0.331019257671,web2nl,True,True,True
SynData23Nov_00653,How can I clean these boot liners?,Boots_Care,Boots_Care,classless how can clean these _class_Category_Give liner f classless,Boots_Care,0.980068201468,Boots_Care,0.980068201468,,0.0,0.980068201468,web2nl,True,True,True
SynData23Nov_00654,How do I clean these boot liners?,Boots_Care,Boots_Care,classless how do clean these _class_Category_Give liner f classless,Boots_Care,0.0397066748127,Boots_Care,0.0397066748127,,0.0,0.0397066748127,web2nl,True,False,False
SynData23Nov_00655,How do you clean these boot liners?,Boots_Care,Boots_Care,classless how do clean these _class_Category_Give liner f classless,Boots_Care,0.0397066748127,Boots_Care,0.0397066748127,,0.0,0.0397066748127,web2nl,True,False,False
SynData23Nov_00656,Are the Sorel boot liners washable?,Boots_Care,Boots_Care,classless morel _class_Category_Give liner washable f classless,Boots_Care,0.0693207352724,Boots_Care,0.0693207352724,,0.0,0.0693207352724,web2nl,True,False,False
SynData23Nov_00657,Are the Sorel boot liners machine washable?,Boots_Care,Boots_Care,classless morel _class_Category_Give liner machine washable f classless,Boots_Care,0.0927662185546,Boots_Care,0.0927662185546,,0.0,0.0927662185546,web2nl,True,False,False
SynData23Nov_00658,Are the boot liners washable?,Boots_Care,Boots_Care,classless _class_Category_Give liner washable f classless,None_None,0.0697250666698,None_None,0.0697250666698,,0.0,0.0697250666698,web2nl,False,True,False
SynData23Nov_00659,Are the boot liners machine washable?,Boots_Care,Boots_Care,classless _class_Category_Give liner machine washable f classless,None_None,0.065330389391,None_None,0.065330389391,,0.0,0.065330389391,web2nl,False,True,False
SynData23Nov_00660,Can the Sorel boot liners be put in the dryer?,Boots_Care,Boots_Care,classless can morel _class_Category_Give liner put dryer f classless,Boots_Care,0.123662386218,Boots_Care,0.123662386218,,0.0,0.123662386218,web2nl,True,False,False
SynData23Nov_00661,Can these boot liners be put in the dryer?,Boots_Care,Boots_Care,classless can these _class_Category_Give liner put dryer f classless,Boots_Care,0.128513323841,Boots_Care,0.128513323841,,0.0,0.128513323841,web2nl,True,False,False
SynData23Nov_00662,Can I put the bootliners in the dryer?,Boots_Care,Boots_Care,classless can put _class_Category_Give liner dryer f classless,Boots_Care,0.0904799922655,Boots_Care,0.0904799922655,,0.0,0.0904799922655,web2nl,True,False,False
SynData23Nov_00663,Can I put the boot liners in the washer?,Boots_Care,Boots_Care,classless can put _class_Category_Give liner washer f classless,Boots_Care,0.13554102814,Boots_Care,0.13554102814,,0.0,0.13554102814,web2nl,True,False,False
SynData23Nov_00664,Can I put the boot liners in the washing machine?,Boots_Care,Boots_Care,classless can put _class_Category_Give liner wash machine f classless,Boots_Care,0.198692895651,Boots_Care,0.198692895651,,0.0,0.198692895651,web2nl,True,False,False
SynData23Nov_00665,What's the hashtag for the bonus points?,Chirpify_BonusPoints,Chirpify_BonusPoints,classless what hash tag for bonus point f classless,Chirpify_BonusPoints,0.980451593096,Chirpify_BonusPoints,0.980451593096,,0.0,0.980451593096,web2nl,True,True,True
SynData23Nov_00666,What's the @ name for the social media for Columba?,Chirpify_BonusPoints,Chirpify_BonusPoints,classless what name for social medium for _class_location classless,Chirpify_BonusPoints,0.998081614186,Chirpify_BonusPoints,0.998081614186,,0.0,0.998081614186,web2nl,True,True,True
SynData23Nov_00667,Who do I tag for the social media points?,Chirpify_BonusPoints,Chirpify_BonusPoints,classless who do tag for social medium point f classless,Chirpify_BonusPoints,0.997514189921,Chirpify_BonusPoints,0.997514189921,,0.0,0.997514189921,web2nl,True,True,True
SynData23Nov_00668,Do I have to tag you and use the hashtag for the bonus points?,Chirpify_BonusPoints,Chirpify_BonusPoints,classless do have tag use hash tag for bonus point f classless,Chirpify_BonusPoints,0.980411629399,Chirpify_BonusPoints,0.980411629399,,0.0,0.980411629399,web2nl,True,True,True
SynData23Nov_00669,Will I earn points for both Columbia and SOREL with one post,Chirpify_BonusPoints,Chirpify_BonusPoints,classless will earn point for both _class_location lore with _class_number post classless,Chirpify_BonusPoints,0.997841784784,Chirpify_BonusPoints,0.997841784784,,0.0,0.997841784784,web2nl,True,True,True
SynData23Nov_00670,social media?,Chirpify_BonusPoints,Chirpify_BonusPoints,classless social medium f classless,Chirpify_BonusPoints,0.979174789309,Chirpify_BonusPoints,0.979174789309,,0.0,0.979174789309,web2nl,True,True,True
SynData23Nov_00671,How do i link my social media to my account?,Chirpify_BonusPoints,Chirpify_BonusPoints,classless how do link social medium account f classless,Chirpify_BonusPoints,0.997437271679,Chirpify_BonusPoints,0.997437271679,,0.0,0.997437271679,web2nl,True,True,True
SynData23Nov_00672,When do you guys open?,Contact_Us,Contact_Us,classless when do guy open f classless,Contact_Us,0.981706727387,Contact_Us,0.981706727387,,0.0,0.981706727387,web2nl,True,True,True
SynData23Nov_00673,When does Columbia open?,Contact_Us,Contact_Us,classless when do _class_location open f classless,Contact_Us,0.98609470093,Contact_Us,0.98609470093,,0.0,0.98609470093,web2nl,True,True,True
SynData23Nov_00674,When does Columbia close?,Contact_Us,Contact_Us,classless when do _class_location close f classless,Contact_Us,0.978365910215,Contact_Us,0.978365910215,,0.0,0.978365910215,web2nl,True,True,True
SynData23Nov_00675,When does Sorel open?,Contact_Us,Contact_Us,classless when do morel open f classless,Contact_Us,0.986869728015,Contact_Us,0.986869728015,,0.0,0.986869728015,web2nl,True,True,True
SynData23Nov_00676,When does Sorel close?,Contact_Us,Contact_Us,classless when do morel close f classless,Contact_Us,0.979649616966,Contact_Us,0.979649616966,,0.0,0.979649616966,web2nl,True,True,True
SynData23Nov_00677,When are your hours of operation?,Contact_Us,Contact_Us,classless when hour operation f classless,Contact_Us,0.968052320907,Contact_Us,0.968052320907,,0.0,0.968052320907,web2nl,True,True,True
SynData23Nov_00678,What's your number?,Contact_Us,Contact_Us,classless what number f classless,Contact_Us,0.904519497813,Contact_Us,0.904519497813,,0.0,0.904519497813,web2nl,True,True,True
SynData23Nov_00679,What's your email?,Contact_Us,Contact_Us,classless what email f classless,Contact_Us,0.968320082083,Contact_Us,0.968320082083,,0.0,0.968320082083,web2nl,True,True,True
SynData23Nov_00680,What's your email address?,Contact_Us,Contact_Us,classless what email address f classless,Contact_Us,0.985187647105,Contact_Us,0.985187647105,,0.0,0.985187647105,web2nl,True,True,True
SynData23Nov_00681,What timezone are your hours?,Contact_Us,Contact_Us,classless what timezone hour f classless,Contact_Us,0.99015970424,Contact_Us,0.99015970424,,0.0,0.99015970424,web2nl,True,True,True
SynData23Nov_00682,How do I send a picture of my order?,Contact_Us,Contact_Us,classless how do send picture order f classless,Contact_Us,0.981784622428,Contact_Us,0.981784622428,,0.0,0.981784622428,web2nl,True,True,True
SynData23Nov_00683,Who do I email to send a picture?,Contact_Us,Contact_Us,classless who do email send picture f classless,Contact_Us,0.995762363695,Contact_Us,0.995762363695,,0.0,0.995762363695,web2nl,True,True,True
SynData23Nov_00684,How do I talk to someone from customer service?,Contact_Us,Contact_Us,classless how do talk someone from _class_agent f classless,Contact_Us,0.999132228519,Contact_Us,0.999132228519,,0.0,0.999132228519,web2nl,True,True,True
SynData23Nov_00685,I bought jacket and now its on sale. Can you price match?,Discounts_Issues,Discounts_Issues,classless buy _class_Category_Give now on _class_Category_Give can price match f classless,Discounts_Issues,0.998866380449,Discounts_Issues,0.998866380449,,0.0,0.998866380449,web2nl,True,True,True
SynData23Nov_00686,Do you guys price match?,Discounts_Issues,Discounts_Issues,classless do guy price match f classless,Discounts_Issues,0.989075131375,Discounts_Issues,0.989075131375,,0.0,0.989075131375,web2nl,True,True,True
SynData23Nov_00687,Do you guys price match other retailers?,Discounts_Issues,Discounts_Issues,classless do guy price match other retailer f classless,Discounts_Issues,0.994370142819,Discounts_Issues,0.994370142819,,0.0,0.994370142819,web2nl,True,True,True
SynData23Nov_00688,Does Columbia price match?,Discounts_Issues,Discounts_Issues,classless do _class_location price match f classless,Discounts_Issues,0.988078341032,Discounts_Issues,0.988078341032,,0.0,0.988078341032,web2nl,True,True,True
SynData23Nov_00689,Does Sorel price match?,Discounts_Issues,Discounts_Issues,classless do morel price match f classless,Discounts_Issues,0.989571176797,Discounts_Issues,0.989571176797,,0.0,0.989571176797,web2nl,True,True,True
SynData23Nov_00690,Does Mountain Hardwear price match?,Discounts_Issues,Discounts_Issues,classless do mountain hardware price match f classless,Discounts_Issues,0.987730633318,Discounts_Issues,0.987730633318,,0.0,0.987730633318,web2nl,True,True,True
SynData23Nov_00691,Can you match the sale price?,Discounts_Issues,Discounts_Issues,classless can match _class_Category_Give price f classless,Discounts_Issues,0.988619125099,Discounts_Issues,0.988619125099,,0.0,0.988619125099,web2nl,True,True,True
SynData23Nov_00692,Can you match the price when it was on sale?,Discounts_Issues,Discounts_Issues,classless can match price when _class_location on _class_Category_Give f classless,Discounts_Issues,0.999591575877,Discounts_Issues,0.999591575877,,0.0,0.999591575877,web2nl,True,True,True
SynData23Nov_00693,Can I get it for the price when it was on sale?,Discounts_Issues,Discounts_Issues,classless can get for price when _class_location on _class_Category_Give f classless,Discounts_Issues,0.984059504044,Discounts_Issues,0.984059504044,,0.0,0.984059504044,web2nl,True,True,True
SynData23Nov_00694,How do I clean my Montrail shoes?,Footwear_Care,Footwear_Care,classless how do clean contrail _class_Category_Give f classless,Footwear_Care,0.441855333256,Footwear_Care,0.441855333256,,0.0,0.441855333256,web2nl,True,True,True
SynData23Nov_00695,How do I clean my boots?,Footwear_Care,Footwear_Care,classless how do clean _class_Category_Give f classless,Footwear_Care,0.092690029934,Footwear_Care,0.092690029934,,0.0,0.092690029934,web2nl,True,False,False
SynData23Nov_00696,How do I clean these shoes?,Footwear_Care,Footwear_Care,classless how do clean these _class_Category_Give f classless,Footwear_Care,0.510603522466,Footwear_Care,0.510603522466,,0.0,0.510603522466,web2nl,True,True,True
SynData23Nov_00697,How do I clean these boots?,Footwear_Care,Footwear_Care,classless how do clean these _class_Category_Give f classless,Footwear_Care,0.510603522466,Footwear_Care,0.510603522466,,0.0,0.510603522466,web2nl,True,True,True
SynData23Nov_00698,How do I clean Columbia shoes?,Footwear_Care,Footwear_Care,classless how do clean _class_location _class_Category_Give f classless,Footwear_Care,0.54922058076,Footwear_Care,0.54922058076,,0.0,0.54922058076,web2nl,True,True,True
SynData23Nov_00699,How do I clean Sorel shoes?,Footwear_Care,Footwear_Care,classless how do clean morel _class_Category_Give f classless,Footwear_Care,0.446425894916,Footwear_Care,0.446425894916,,0.0,0.446425894916,web2nl,True,True,True
SynData23Nov_00700,How do I clean Sorel boots?,Footwear_Care,Footwear_Care,classless how do clean morel _class_Category_Give f classless,Footwear_Care,0.446425894916,Footwear_Care,0.446425894916,,0.0,0.446425894916,web2nl,True,True,True
SynData23Nov_00701,Prevent the rubber from cracking,Footwear_Care,Footwear_Care,classless prevent rubber from crack classless,Footwear_Care,0.953860395332,Footwear_Care,0.953860395332,,0.0,0.953860395332,web2nl,True,True,True
SynData23Nov_00702,Do these shoes stain easy?,Footwear_Care,Footwear_Care,classless do these _class_Category_Give stain easy f classless,Footwear_Care,0.262820592578,Footwear_Care,0.262820592578,,0.0,0.262820592578,web2nl,True,False,False
SynData23Nov_00703,Do these shoes stain easy?,Footwear_Care,Footwear_Care,classless do these _class_Category_Give stain easy f classless,Footwear_Care,0.262820592578,Footwear_Care,0.262820592578,,0.0,0.262820592578,web2nl,True,False,False
SynData23Nov_00704,Are your shoes stain proof?,Footwear_Care,Footwear_Care,classless _class_Category_Give stain proof f classless,None_None,0.0531328312445,None_None,0.0531328312445,,0.0,0.0531328312445,web2nl,False,True,False
SynData23Nov_00705,Do I need to treat my shoes to be waterproof?,Footwear_Care,Footwear_Care,classless do need treat _class_Category_Give waterproof f classless,Footwear_Care,0.585856864691,Footwear_Care,0.585856864691,,0.0,0.585856864691,web2nl,True,True,True
SynData23Nov_00706,Will I need to retreat my shoes to keep them waterproof?,Footwear_Care,Footwear_Care,classless will need retreat _class_Category_Give keep them waterproof f classless,Footwear_Care,0.825126280311,Footwear_Care,0.825126280311,,0.0,0.825126280311,web2nl,True,True,True
SynData23Nov_00707,How can I make my shoes waterproof again?,Footwear_Care,Footwear_Care,classless how can make _class_Category_Give waterproof again f classless,Footwear_Care,0.330224784304,Footwear_Care,0.330224784304,,0.0,0.330224784304,web2nl,True,False,False
SynData23Nov_00708,My gift card is showing zero,GiftCard_Query,GiftCard_Query,classless gift card show _class_number classless,GiftCard_Query,0.995024154862,GiftCard_Query,0.995024154862,,0.0,0.995024154862,web2nl,True,True,True
SynData23Nov_00709,There is no balance on my gift card,GiftCard_Query,GiftCard_Query,classless there _class_negation balance on gift card classless,GiftCard_Query,0.995029953082,GiftCard_Query,0.995029953082,,0.0,0.995029953082,web2nl,True,True,True
SynData23Nov_00710,How do I check the balance on my gift card?,GiftCard_Query,GiftCard_Query,classless how do check balance on gift card f classless,GiftCard_Query,0.995749089363,GiftCard_Query,0.995749089363,,0.0,0.995749089363,web2nl,True,True,True
SynData23Nov_00711,Gift card isn't working,GiftCard_Query,GiftCard_Query,classless gift card inst work classless,GiftCard_Query,0.978381595049,GiftCard_Query,0.978381595049,,0.0,0.978381595049,web2nl,True,True,True
SynData23Nov_00712,Where do I enter the gift card?,GiftCard_Query,GiftCard_Query,classless where do enter gift card f classless,GiftCard_Query,0.997237213508,GiftCard_Query,0.997237213508,,0.0,0.997237213508,web2nl,True,True,True
SynData23Nov_00713,What box do I enter the gift card?,GiftCard_Query,GiftCard_Query,classless what box do enter gift card f classless,GiftCard_Query,0.995261979377,GiftCard_Query,0.995261979377,,0.0,0.995261979377,web2nl,True,True,True
SynData23Nov_00714,Where is the gift card PIN?,GiftCard_Query,GiftCard_Query,classless where gift card ping classless,GiftCard_Query,0.986162235807,GiftCard_Query,0.986162235807,,0.0,0.986162235807,web2nl,True,True,True
SynData23Nov_00715,I scratched off the PIN,GiftCard_Query,GiftCard_Query,classless scratch off pin classless,GiftCard_Query,0.995021253229,GiftCard_Query,0.995021253229,,0.0,0.995021253229,web2nl,True,True,True
SynData23Nov_00716,What is the gift card PIN?,GiftCard_Query,GiftCard_Query,classless what gift card ping classless,GiftCard_Query,0.984450723128,GiftCard_Query,0.984450723128,,0.0,0.984450723128,web2nl,True,True,True
SynData23Nov_00717,There is no PIN on my gift card,GiftCard_Query,GiftCard_Query,classless there _class_negation pin on gift card classless,GiftCard_Query,0.997867441839,GiftCard_Query,0.997867441839,,0.0,0.997867441839,web2nl,True,True,True
